,Date,Open,High,Low,Close,Volume
0,2019-07-06,105.1,105.1,100.31,105.1,8.109000000000002
1,2019-07-07,103.13,105.1,102.8,103.51,1.447
2,2019-07-08,103.51,104.67,103.51,103.51,4.979
3,2019-07-09,100.0,104.67,99.95,104.67,1.1350000000000002
4,2019-07-10,99.95,104.34,95.0,96.0,6.9350000000000005
5,2019-07-11,87.87,95.0,87.87,89.84,2.016
6,2019-07-12,90.96,90.96,87.87,87.87,3.976
7,2019-07-13,93.18,93.18,87.37,88.43,2.54
8,2019-07-14,84.13,88.43,84.13,88.43,0.769
9,2019-07-15,78.26,84.13,77.35,77.39,7.610999999999999
10,2019-07-16,75.04,79.81,69.0,79.81,1.042
11,2019-07-17,67.36,74.19,66.43,67.36,9.911999999999999
12,2019-07-18,78.87,79.35,74.19,78.87,9.847000000000001
13,2019-07-19,79.35,79.35,73.65,73.85,0.142
14,2019-07-20,73.85,78.86954,73.85,77.24,2.152
15,2019-07-21,74.35,78.51,73.7,74.35,2.569
16,2019-07-22,75.12,75.43,71.76,71.76,4.242
17,2019-07-23,70.0,72.97,70.0,70.84,1.646
18,2019-07-24,70.0,70.0,68.11,68.11,1.418
19,2019-07-25,69.52,71.52,69.52,71.10161,1.9100000000000001
20,2019-07-26,71.15,71.15,71.01,71.15,0.139
21,2019-07-27,71.01,72.11,69.11,69.11,2.174
22,2019-07-28,69.13,69.37,68.66,69.37,0.761
23,2019-07-29,67.84,68.66,67.84,67.84,0.047
24,2019-07-30,66.0,67.84,66.0,67.84,3.641
25,2019-07-31,66.9501,68.48,66.29,66.29,1.979
26,2019-08-01,67.32,68.0,67.3,68.0,0.499
27,2019-08-02,67.16,68.0,67.16,67.31,1.642
28,2019-08-03,66.84,67.31,65.07,65.07,3.86
29,2019-08-04,66.1,66.1,63.5,63.5,1.855
30,2019-08-05,67.18,67.5,66.1,67.18,6.254
31,2019-08-06,64.73,67.18,64.73,66.44,6.812
32,2019-08-07,62.97,64.73,61.9,62.97,56.541
33,2019-08-08,61.23,67.03,60.99425,60.99425,3.3590000000000004
34,2019-08-09,59.0,61.5,58.0,59.0,0.622
35,2019-08-10,58.0,58.77,56.67,56.67,7.212
36,2019-08-11,56.67,58.14,56.67,58.14,1.851
37,2019-08-12,58.14,58.14,57.14,57.67,42.838
38,2019-08-13,57.14,57.14,55.95,57.14,0.8
39,2019-08-14,55.95,55.95,51.0,51.0,0.11
40,2019-08-15,50.0,51.0,50.0,50.0,0.1
41,2019-08-16,50.14,50.7,50.0,50.14,0.21600000000000003
42,2019-08-17,48.82,50.14,48.69,48.83,6.168
43,2019-08-18,52.6,53.1,48.82,50.79,7.43
44,2019-08-19,53.1,53.1,53.1,53.1,0.0
45,2019-08-20,52.79,54.04,52.08,52.79,7.231
46,2019-08-21,52.54,52.54,52.54,52.54,0.0
47,2019-08-22,52.54,52.54,52.54,52.54,0.0
48,2019-08-23,50.55,52.54,50.43,50.55,0.837
49,2019-08-24,50.55,50.55,49.14,50.55,5.242
50,2019-08-25,50.23,50.91,49.14,50.23,2.976
51,2019-08-26,51.17,52.53,50.23,52.07,12.444
52,2019-08-27,50.91,51.32,50.91,50.91,0.04
53,2019-08-28,49.0,50.91,49.0,49.81,1.2029999999999998
54,2019-08-29,49.0,49.0,44.82,44.9,0.197
55,2019-08-30,44.95,44.95,44.22,44.22,7.991
56,2019-08-31,44.4,44.68,44.4,44.4,0.456
57,2019-09-01,44.68,45.00026,44.49,44.49,4.235
58,2019-09-02,45.06,46.5,44.49,46.5,8.644
59,2019-09-03,46.33,46.5,46.33,46.33,0.948
60,2019-09-04,45.34,46.33,44.97944,44.97944,2.447
61,2019-09-05,45.0,45.1,45.0,45.0,0.7250000000000001
62,2019-09-06,45.0,45.5,44.94,45.01,7.962999999999999
63,2019-09-07,45.18,46.79,45.18,45.74,3.3529999999999998
64,2019-09-08,47.59,47.75,46.79,47.59,1.25
65,2019-09-09,48.06,48.06,47.22,48.06,2.596
66,2019-09-10,46.1,47.22,46.1,46.1,10.155000000000001
67,2019-09-11,46.1,46.1,44.18,44.75,16.072
68,2019-09-12,44.75,44.75,43.37,44.26,22.273
69,2019-09-13,44.0,44.26,44.0,44.0,0.851
70,2019-09-14,45.09,45.09,44.0,44.85,17.232
71,2019-09-15,45.99,45.99,44.85,45.99,0.405
72,2019-09-16,47.87,48.43,45.99,48.43,2.8449999999999998
73,2019-09-17,51.26,51.26,48.37,48.37,4.502
74,2019-09-18,51.26,53.08,50.91,53.0,9.885
75,2019-09-19,50.0,53.07,48.73,49.11,17.253
76,2019-09-20,50.98994,50.98994,48.6,48.6,0.5
77,2019-09-21,48.58,48.74,48.27,48.27,1.646
78,2019-09-22,46.68,48.27,46.0,46.71,7.393000000000001
79,2019-09-23,45.51,46.68,44.39284,45.21,2.9469999999999996
80,2019-09-24,44.51,44.51,43.9,44.51,4.0
81,2019-09-25,35.36,43.9,35.36,37.61,7.425999999999999
82,2019-09-26,37.17,38.0,34.21,34.45,7.581
83,2019-09-27,35.16,37.07,34.21,35.6272,17.95
84,2019-09-28,38.8,39.68,36.86,38.8,12.241
85,2019-09-29,38.8,38.8,36.61,36.65,34.618
86,2019-09-30,36.65,39.23,36.65,36.65,2.049
87,2019-10-01,39.17,39.21,38.17,38.58,14.556
88,2019-10-02,37.94,38.58,37.75,37.94,2.064
89,2019-10-03,37.84,37.84,36.69294,37.84,1.931
90,2019-10-04,36.92,36.92,36.6,36.69,16.987
91,2019-10-05,36.92,36.92,36.49,36.49,0.09
92,2019-10-06,36.49,36.49,36.49,36.49,0.0
93,2019-10-07,36.49,37.8,36.49,37.03,13.543
94,2019-10-08,37.52,37.61,37.12,37.52,17.958
95,2019-10-09,36.27,37.66,36.27,37.18,27.0
96,2019-10-10,37.7,37.71,37.22,37.7,9.59
97,2019-10-11,36.29,37.55,36.29,37.55,1.473
98,2019-10-12,36.21,36.59,36.01,36.21,75.40100000000001
99,2019-10-13,36.61,36.61,36.55,36.61,0.25
100,2019-10-14,36.61,37.22,36.61,36.61,0.649
101,2019-10-15,37.22,37.22,36.75,37.22,0.859
102,2019-10-16,36.75,36.75,36.75,36.75,0.0
103,2019-10-17,36.75,36.75,36.06,36.75,0.32999999999999996
104,2019-10-18,36.12,36.12,35.91942,35.91942,0.999
105,2019-10-19,36.21,36.21,35.78,35.86,4.944
106,2019-10-20,35.86,35.86,35.86,35.86,0.0
107,2019-10-21,35.86,36.38,35.86,35.86,7.05
108,2019-10-22,36.38,36.79,36.38,36.38,1.005
109,2019-10-23,36.79,36.79,36.79,36.79,0.0
110,2019-10-24,36.79,36.79,32.55,33.2,20.433
111,2019-10-25,36.5,37.02,33.2,33.39,7.082000000000001
112,2019-10-26,37.15,38.59,35.79968,38.1,55.348000000000006
113,2019-10-27,38.67,38.77,35.79968,38.67,34.480000000000004
114,2019-10-28,39.13,40.57804,38.03,39.06,6.986
115,2019-10-29,37.75,39.28,37.75,37.75,22.962
116,2019-10-30,38.81215,39.28,38.52,38.64,15.106000000000002
117,2019-10-31,36.95,38.81215,36.95,38.81215,9.306
118,2019-11-01,37.18,37.18,36.95,37.18,4.0
119,2019-11-02,37.58,37.83,37.1,37.58,3.6319999999999997
120,2019-11-03,37.58,37.58,36.63,36.63,7.15
121,2019-11-04,38.02,38.02,36.63,37.65,6.088
122,2019-11-05,37.55,37.96,37.55,37.96,1.978
123,2019-11-06,38.67,39.5002,37.96,37.96,10.360999999999999
124,2019-11-07,38.85,38.92,38.78,38.78,10.781
125,2019-11-08,36.28279,38.78,36.28279,38.78,7.96
126,2019-11-09,36.77,36.91,36.28279,36.77,19.201
127,2019-11-10,36.83,37.35,36.28,36.75,6.158
128,2019-11-11,36.65,37.35,36.65,37.35,2.211
129,2019-11-12,37.22,37.22,36.79,36.79,9.75
130,2019-11-13,36.79,36.79,36.74,36.79,0.05
131,2019-11-14,36.74,36.74,36.25,36.25,14.086
132,2019-11-15,36.0,36.49,35.63,35.63,1.572
133,2019-11-16,35.75,35.75,35.63,35.75,0.46
134,2019-11-17,35.43,36.16,35.43,35.75,3.157
135,2019-11-18,35.3,36.16,35.3,36.04,5.49
136,2019-11-19,33.85,35.3,33.5,35.3,13.999
137,2019-11-20,33.52,33.88,33.52,33.52,5.0
138,2019-11-21,33.88,33.88,31.34,33.88,7.481
139,2019-11-22,28.61,31.34,28.61,30.84222,4.005
140,2019-11-23,29.2,29.2,28.61,29.2,0.209
141,2019-11-24,29.22068,29.22068,28.0,28.0,3.4
142,2019-11-25,27.72,28.0,25.27,27.72,33.376999999999995
143,2019-11-26,27.34,28.0,27.34,27.34,6.556
144,2019-11-27,27.57,28.41,27.57,28.41,2.0
145,2019-11-28,28.55,28.69,28.41,28.55,2.184
146,2019-11-29,29.08,29.49,28.68,28.68,4.192
147,2019-11-30,28.84,29.49,28.3623,28.3623,2.2030000000000003
148,2019-12-01,28.16,28.3623,28.16,28.16,1.29
149,2019-12-02,27.98,28.16,27.45,27.72,9.091000000000001
150,2019-12-03,27.26,27.54,27.26,27.44,9.889000000000001
151,2019-12-04,27.44,27.44,27.44,27.44,0.0
152,2019-12-05,29.87,30.22,27.34,30.2,92.696
153,2019-12-06,29.44,30.22,29.29,29.59,7.574999999999999
154,2019-12-07,29.56,29.56,29.29,29.56,0.05
155,2019-12-08,29.41,29.63,29.36,29.56,2.198
156,2019-12-09,29.36,31.78,29.36,31.14,1.664
157,2019-12-10,30.2,31.14,29.67,29.88,6.670999999999999
158,2019-12-11,29.67,29.67,29.67,29.67,0.0
159,2019-12-12,29.67,31.41,29.67,29.67,6.21
160,2019-12-13,31.94,33.15,31.01,31.41,15.838999999999999
161,2019-12-14,32.87,32.87,32.29,32.87,11.129999999999999
162,2019-12-15,32.29,33.24,32.29,32.29,1.0
163,2019-12-16,32.5,33.24,30.0,32.5,6.816000000000001
164,2019-12-17,30.0,30.0,28.0,28.4,3.073
165,2019-12-18,28.0,29.59,28.0,28.11,11.29
166,2019-12-19,28.58,29.52,28.5,28.57,11.436
167,2019-12-20,28.5,28.69,28.5,28.5,2.0
168,2019-12-21,28.69,28.69,27.89,28.17,12.882
169,2019-12-22,28.17,29.04,28.17,28.17,1.054
170,2019-12-23,29.04,29.16,29.04,29.04,3.602
171,2019-12-24,28.25001,29.16,28.12,28.12,1.5859999999999999
172,2019-12-25,27.67,28.25001,27.3,28.25001,1.41
173,2019-12-26,27.3,28.2,27.3,27.3,6.827
174,2019-12-27,27.51,28.19,27.5,27.83,3.56
175,2019-12-28,27.51,28.17,27.51,27.76,6.0600000000000005
176,2019-12-29,28.17,29.28,28.17,28.17,2.051
177,2019-12-30,29.07,29.28,28.43,29.28,0.626
178,2019-12-31,28.15,28.43,28.1,28.15,44.93
179,2020-01-01,27.68,28.15,27.68,28.15,16.351
180,2020-01-02,27.4,28.11,27.4,28.11,2.229
181,2020-01-03,26.91,28.45,26.91,28.28,21.261
182,2020-01-04,28.29,29.52,28.29,28.29,7.61
183,2020-01-05,29.5,31.53,29.5,30.52,10.036999999999999
184,2020-01-06,31.96436,33.13,31.5,31.5,25.135
185,2020-01-07,31.71,32.1,31.54,32.1,38.723
186,2020-01-08,32.11,33.0,30.39,33.0,67.51599999999999
187,2020-01-09,30.97,31.39373,30.11,30.97,64.812
188,2020-01-10,30.66,34.19,30.62,30.66,18.272
189,2020-01-11,34.07,36.62,33.67,35.14,5.119
190,2020-01-12,35.47,36.05,35.07,35.94,33.833
191,2020-01-13,37.85993,38.11206,35.0,36.92,78.78
192,2020-01-14,42.02,44.68,38.11206,44.1,103.78099999999999
193,2020-01-15,49.82,57.16,44.1,54.8,66.596
194,2020-01-16,49.0,55.34,48.27,48.94,26.171
195,2020-01-17,55.0,65.6,49.38,59.66,116.22000000000001
196,2020-01-18,59.0,60.13,52.5,54.31,102.49100000000001
197,2020-01-19,49.54,54.64,48.42,52.51,88.54999999999998
198,2020-01-20,54.57,55.0,49.39,54.57,84.261
199,2020-01-21,52.0,54.57,52.0,52.0,56.567
200,2020-01-22,53.69,53.83,52.06999,52.56,5.607
201,2020-01-23,49.3,52.4,48.17,49.31,7.909
202,2020-01-24,49.23,50.34,46.33,49.55,57.06399999999999
203,2020-01-25,48.4,49.17,48.28808,48.71,31.892999999999997
204,2020-01-26,48.71,53.55,48.71,50.22,86.76200000000001
205,2020-01-27,57.08,58.0,53.55,55.0,51.697
206,2020-01-28,55.25,57.08,53.64,55.29,35.461
207,2020-01-29,58.37,64.21,56.33096,62.67,102.243
208,2020-01-30,65.25,69.55604,60.7,60.7,90.526
209,2020-01-31,63.56,68.3,62.41,65.94,14.487
210,2020-02-01,66.1,67.8,66.1,67.78,2.596
211,2020-02-02,66.27097,67.67,63.42,63.42,31.644000000000005
212,2020-02-03,67.67,67.67,65.79,66.67,2.045
213,2020-02-04,63.96,66.0,63.08,63.96,26.987
214,2020-02-05,64.57,72.51,64.57,69.28,65.96400000000001
215,2020-02-06,71.37,72.82,68.99,71.69,52.708
216,2020-02-07,68.5,71.2,68.5,71.2,24.762999999999998
217,2020-02-08,70.07,71.16,67.9,70.12,39.955
218,2020-02-09,70.64,78.0,69.98,70.07,22.816
219,2020-02-10,67.99,70.02,67.99,69.37,89.24900000000001
220,2020-02-11,69.2,72.19,68.76,70.02,28.419
221,2020-02-12,72.9,75.11,71.81,73.95,50.627
222,2020-02-13,71.0,74.75,70.9,70.9,11.200999999999999
223,2020-02-14,72.23,72.75,70.9,72.25,11.029
224,2020-02-15,72.25,72.25,63.53,71.43,68.999
225,2020-02-16,58.66,66.58,56.54,58.51,104.801
226,2020-02-17,58.74,65.18,57.44,58.74,10.408
227,2020-02-18,64.68,65.52,60.08,65.03,9.030999999999999
228,2020-02-19,65.52,66.63,65.0,65.37,3.849
229,2020-02-20,62.45,66.63,59.1,59.1,1.314
230,2020-02-21,62.21,62.21,59.1,62.21,4.17
231,2020-02-22,61.38,62.21,60.98,61.38,1.3940000000000001
232,2020-02-23,61.38,61.38,61.38,61.38,0.0
233,2020-02-24,61.38,62.6,59.1,59.1,8.780000000000001
234,2020-02-25,57.6,60.39,56.42,60.39,3.853
235,2020-02-26,51.88,57.72,51.88,53.29,3.7230000000000003
236,2020-02-27,54.19,54.98,50.0,54.19,12.302
237,2020-02-28,51.19,54.19,51.19,51.36,9.012
238,2020-02-29,51.19,51.19,50.21,51.19,1.096
239,2020-03-01,50.21,50.21,50.21,50.21,0.0
240,2020-03-02,50.21,52.51,49.73,52.51,0.702
241,2020-03-03,50.65,52.51,50.19,51.56,4.795999999999999
242,2020-03-04,49.64665,51.09,49.1,50.65,5.682
243,2020-03-05,52.28,52.64,49.64665,52.28,25.384
244,2020-03-06,51.89,52.63474,51.23,52.22,13.391
245,2020-03-07,52.06,52.91,50.59,52.19,4.781
246,2020-03-08,48.94,57.0,13.1,50.0,14.620999999999999
247,2020-03-09,40.13,44.28,40.0,42.0,66.082
248,2020-03-10,41.55,42.65,40.13,41.79,30.573999999999998
249,2020-03-11,39.46248,41.6,38.03,38.07,404.86199999999997
250,2020-03-12,28.6,40.44,25.0,38.06524,441.85300000000007
251,2020-03-13,27.63,29.2,20.0,25.54237,58.889
252,2020-03-14,26.37,27.79,25.0,26.79,144.053
253,2020-03-15,26.49,26.49,24.95,25.52,16.255
254,2020-03-16,23.85,26.45,22.44,26.45,41.727000000000004
255,2020-03-17,25.11,25.47,23.55,25.12,22.528
256,2020-03-18,24.96,29.25,24.96,29.25,178.17299999999994
257,2020-03-19,31.8,33.0,28.41,32.1,106.675
258,2020-03-20,32.1,35.6,30.86,35.0,69.546
259,2020-03-21,34.46,34.99,31.02,32.77,29.540999999999997
260,2020-03-22,33.49,33.82,30.22,30.22,27.516
261,2020-03-23,29.71,32.32,29.71,31.73,61.918
262,2020-03-24,32.4,33.06,31.82,32.3,63.509
263,2020-03-25,32.17,32.74,31.33,32.74,62.68000000000001
264,2020-03-26,31.32,32.49,31.1,31.1,47.756
265,2020-03-27,33.06,33.06,31.77,33.06,30.583
266,2020-03-28,29.84,32.49961,29.66,29.84,48.03000000000001
267,2020-03-29,29.52,30.11,29.41,29.53,218.743
268,2020-03-30,31.02,31.1,28.74,29.07,241.78199999999998
269,2020-03-31,31.0,31.47,30.38,31.0,21.637999999999998
270,2020-04-01,31.47,31.47,31.47,31.47,0.0
271,2020-04-02,31.22675,32.53,31.19,32.25,25.674
272,2020-04-03,32.1,33.02,32.1,32.75,111.941
273,2020-04-04,32.45,33.18,32.43,32.6,53.94499999999999
274,2020-04-05,32.79,33.05,32.64,32.81,10.799
275,2020-04-06,36.78,37.22,32.68,32.68,100.86399999999999
276,2020-04-07,37.0,37.984,35.9,36.69,67.039
277,2020-04-08,36.99,37.68,36.3,37.43,29.174999999999997
278,2020-04-09,41.6,41.65,37.6,38.12,115.76399999999998
279,2020-04-10,36.02,41.2,35.5,37.21,217.897
280,2020-04-11,35.9216,36.9,35.63,35.9216,183.52799999999996
281,2020-04-12,36.72,37.64,35.56,37.52,183.27499999999998
282,2020-04-13,34.86,37.37,34.86,35.1,61.13499999999999
283,2020-04-14,35.86,36.19,35.15,35.15,115.10700000000001
284,2020-04-15,35.22,36.22,34.84,35.31,7.668
285,2020-04-16,39.47,39.67,34.14,39.26,118.73400000000001
286,2020-04-17,38.07,40.14049,37.98,39.26,147.79399999999998
287,2020-04-18,41.44,42.73,40.14049,41.82,96.30099999999997
288,2020-04-19,46.04,47.25,41.83,46.9,301.821
289,2020-04-20,46.15,48.61,42.3,46.52,121.00999999999999
290,2020-04-21,42.32,43.12,41.16,41.36,76.493
291,2020-04-22,42.39,45.09,42.39,44.49,35.94600000000001
292,2020-04-23,44.51,46.0,44.22,45.56216,99.309
293,2020-04-24,44.49,45.8,44.1,44.86,86.449
294,2020-04-25,44.15,45.52,44.15,44.66999,30.941000000000006
295,2020-04-26,44.46,45.3,44.14,44.46,25.866999999999997
296,2020-04-27,42.59,44.98214,42.59,44.09189,88.903
297,2020-04-28,43.91,44.57,43.28,43.91,16.978
298,2020-04-29,44.71,46.69,44.02,46.68,197.068
299,2020-04-30,48.95,48.95,44.89,45.22,68.39099999999999
300,2020-05-01,45.36,46.52,45.02,45.02,8.576
301,2020-05-02,44.96,46.46,44.96,44.96,22.692999999999998
302,2020-05-03,45.0,46.63,44.99,45.49,10.443999999999999
303,2020-05-04,43.44,45.11,42.85,43.16,164.09
304,2020-05-05,43.9,44.25,43.52,43.9,15.222
305,2020-05-06,43.73,44.14,43.49834,43.73,7.961
306,2020-05-07,44.77,44.77,42.86,43.49834,158.22000000000003
307,2020-05-08,44.26,46.5,43.55,44.0,46.144999999999996
308,2020-05-09,45.14,46.5,45.14,46.07,50.425000000000004
309,2020-05-10,39.82,45.14,39.35,41.63,92.505
310,2020-05-11,40.75,41.05,38.32,38.32,41.296
311,2020-05-12,42.1,42.31,38.32,40.32,40.456
312,2020-05-13,42.12,42.94,42.1,42.12,10.756
313,2020-05-14,42.9,43.41,42.5,43.41,14.633
314,2020-05-15,43.45,43.47,42.22,42.55,31.837999999999997
315,2020-05-16,42.29154,42.87,42.22,42.22,33.7
316,2020-05-17,45.76,47.33,42.69,42.69,122.643
317,2020-05-18,48.0,48.9,46.0,48.29,3.3440000000000003
318,2020-05-19,47.29,48.5,46.42,47.2,8.126999999999999
319,2020-05-20,47.94,50.0,47.94,47.94,11.477
320,2020-05-21,47.94,47.95,45.17,47.88,21.605
321,2020-05-22,47.83,48.18,45.91,45.91,3.924
322,2020-05-23,47.04,47.89,46.62,46.99,8.302
323,2020-05-24,46.99,46.99,46.0,46.99,0.253
324,2020-05-25,45.54,46.0,45.01,46.0,23.785
325,2020-05-26,45.05,45.95,45.05,45.78819,24.415
326,2020-05-27,45.51626,45.51626,44.63,45.35,2.944
327,2020-05-28,47.24,47.24,45.51626,46.13,7.225
328,2020-05-29,47.32,47.32,46.76,47.32,5.856
329,2020-05-30,47.32,54.93,46.27,48.32,126.03999999999998
330,2020-05-31,52.04,55.0,51.68,52.5,74.98399999999998
331,2020-06-01,53.11,54.05568,51.41,53.42,23.804
332,2020-06-02,51.9,55.36,50.99,54.72,17.701
333,2020-06-03,51.5,52.62002,50.96,51.63,19.215
334,2020-06-04,52.33,52.75,51.34,51.8,14.412
335,2020-06-05,52.71,54.22,52.46,54.22,14.296999999999999
336,2020-06-06,52.24,53.95,52.24,52.66,11.13
337,2020-06-07,52.87491,52.87491,51.24,51.24,19.942999999999998
338,2020-06-08,52.61,52.61,52.03,52.61,1.239
339,2020-06-09,51.5,52.75,51.5,52.75,6.954
340,2020-06-10,53.83,55.0,51.5,53.7,29.762
341,2020-06-11,55.06003,55.12345,50.0,50.89,48.295
342,2020-06-12,49.76,52.06,49.76,50.56,7.404
343,2020-06-13,51.89,52.50829,51.25,51.25,94.462
344,2020-06-14,51.82607,52.50829,50.89003,51.82607,72.88399999999999
345,2020-06-15,52.1,52.59,48.67,52.1,66.03999999999999
346,2020-06-16,53.01,53.1615,52.1,52.64,1.9860000000000002
347,2020-06-17,52.65,53.36,52.64,52.64,1.519
348,2020-06-18,53.22,53.22,52.65,53.22,1.0
349,2020-06-19,51.6,53.22,51.06,51.6,2.9139999999999997
350,2020-06-20,51.38,52.26,51.38,52.26,0.5
351,2020-06-21,51.38,51.44,51.38,51.38,9.28
352,2020-06-22,52.6,53.16,50.57,51.25,11.734
353,2020-06-23,52.93,62.12,52.93,53.16,40.793
354,2020-06-24,54.44,59.0,54.44,59.0,22.991
355,2020-06-25,54.17,56.37,53.01,55.73,19.108
356,2020-06-26,55.73,55.73,55.62,55.73,18.297
357,2020-06-27,55.62,57.23514,51.35,54.0,3.1559999999999997
358,2020-06-28,52.00358,53.49,51.35,53.49,3.308
359,2020-06-29,53.49,53.49,51.82,51.82,2.7249999999999996
360,2020-06-30,51.39,52.16,51.34,51.34,4.321
361,2020-07-01,51.39,52.08704,51.38,51.72,0.229
362,2020-07-02,51.29,52.08704,50.94,52.08704,13.985999999999999
363,2020-07-03,51.33,51.59,51.22,51.59,23.703
364,2020-07-04,51.12,51.69,50.94,51.12,9.475
365,2020-07-05,50.61,51.69,50.61,51.69,2.348
366,2020-07-06,50.87,55.65,50.87,54.56,3.104
367,2020-07-07,54.67,55.55,53.61,54.41,1.4849999999999999
368,2020-07-08,57.4771,57.4771,54.4102,57.4771,19.364
369,2020-07-09,56.83,57.28,56.83,56.83,5.84
370,2020-07-10,56.83,56.83,54.71,56.09,62.705999999999996
371,2020-07-11,56.37,56.37,55.36,55.57,3.518
372,2020-07-12,55.57,60.67,55.57,55.57,50.906
373,2020-07-13,61.12,63.09,58.95,63.09,32.783
374,2020-07-14,61.06,61.12,60.04,61.06,5.035
375,2020-07-15,61.31,63.25,61.06,61.31,22.352000000000004
376,2020-07-16,58.0,61.31,58.0,59.23,16.659
377,2020-07-17,58.9,59.55,58.18,58.9,3.579
378,2020-07-18,58.72,59.55,58.38,59.35586,7.5649999999999995
379,2020-07-19,59.35586,59.35586,57.89,57.89,4.816000000000001
380,2020-07-20,58.54,58.54,57.89,58.54,2.1959999999999997
381,2020-07-21,61.58,62.18,58.1,60.0,12.207999999999998
382,2020-07-22,63.37,64.0,60.86,61.87,18.703
383,2020-07-23,63.98,64.7,63.98,64.0,17.517
384,2020-07-24,63.22,64.6,62.16,62.32,27.409000000000002
385,2020-07-25,64.5,65.0189,63.35,63.35,4.463
386,2020-07-26,66.22,66.96999,64.96,65.0,21.215
387,2020-07-27,71.09,71.74,65.84,71.74,32.279
388,2020-07-28,71.68033,71.68033,70.0,71.68033,5.8439999999999985
389,2020-07-29,71.81,73.77,71.06,71.06,3.7460000000000004
390,2020-07-30,73.11,73.11,70.6,70.86,5.59
391,2020-07-31,71.82,74.5,70.31,70.31,5.36
392,2020-08-01,78.69,94.35,74.5,82.08,160.339
393,2020-08-02,82.01,91.22,80.06,87.26,162.686
394,2020-08-03,82.96,85.00943,82.96,84.35,17.480999999999998
395,2020-08-04,81.87,89.0,81.10855,82.96,17.511999999999997
396,2020-08-05,82.75,96.67,82.75,86.08,174.464
397,2020-08-06,97.57,102.22,93.32,94.54,57.277
398,2020-08-07,95.19755,98.15,90.0,92.79,35.403
399,2020-08-08,92.01,97.28,92.01,94.61,15.088999999999999
400,2020-08-09,94.37,95.83,90.63,95.38,46.711
401,2020-08-10,92.23295,94.76,88.86,92.45,74.38800000000002
402,2020-08-11,88.34,90.18,80.85936,83.88,204.684
403,2020-08-12,83.58172,84.18,77.76,82.92,119.003
404,2020-08-13,80.19,87.23439,78.08655,82.38,125.069
405,2020-08-14,84.73,87.63,83.49,84.73,73.077
406,2020-08-15,84.77,88.12147,84.21,84.57,30.988
407,2020-08-16,83.95,85.84,81.83,84.65,46.953
408,2020-08-17,85.31,89.53,83.59,84.12,177.15900000000002
409,2020-08-18,86.48,88.94,81.0459,83.0,57.763999999999996
410,2020-08-19,78.805,83.4,75.1,79.87,91.03100000000002
411,2020-08-20,76.68,79.51,75.1,79.16,46.953
412,2020-08-21,77.49,80.33,75.0,79.16,80.41600000000001
413,2020-08-22,76.97,77.22,71.83,74.15,45.251000000000005
414,2020-08-23,76.84,82.53,74.75,82.02,59.916999999999994
415,2020-08-24,82.94,82.94,79.33,79.62,26.933
416,2020-08-25,72.99,82.0,71.45,73.21,87.852
417,2020-08-26,74.5,76.98,73.21,74.38,43.655
418,2020-08-27,71.5,74.97,71.5,73.7,12.356
419,2020-08-28,75.75,77.0,71.84,75.75,16.488
420,2020-08-29,75.75,80.45,74.86,79.65,88.106
421,2020-08-30,81.97,82.0,77.85,79.16,58.93899999999999
422,2020-08-31,78.35,81.97,77.78,79.23,36.142
423,2020-09-01,77.78,85.07,77.78,83.46,56.018
424,2020-09-02,82.91,84.07,73.0,83.33,69.316
425,2020-09-03,65.67,76.73,57.24,67.35,81.87
426,2020-09-04,60.0,61.05,55.17,57.09,91.09599999999999
427,2020-09-05,52.2,60.02,52.0,52.2,118.96600000000001
428,2020-09-06,55.1,59.58,52.2,56.75,71.835
429,2020-09-07,59.45,61.75,56.3,61.75,41.116
430,2020-09-08,63.31,63.31,57.91,63.0,67.845
431,2020-09-09,60.11,61.0,57.95,57.95,16.138
432,2020-09-10,60.64,62.0,59.89,59.89,28.628999999999998
433,2020-09-11,62.67,62.67,60.22,60.22,17.004
434,2020-09-12,64.06,66.54,62.47,63.16472,99.107
435,2020-09-13,66.25,66.25,62.43,62.43,29.149
436,2020-09-14,62.43,63.72,61.46,63.72,58.242000000000004
437,2020-09-15,61.13,63.72,61.13,61.5,16.787
438,2020-09-16,61.13,61.13,55.01,58.6,13.564
439,2020-09-17,58.76,58.84,58.22,58.57,21.468
440,2020-09-18,59.15,59.25,57.34,59.05,2.768
441,2020-09-19,57.78,58.81,57.34,58.32,13.674
442,2020-09-20,58.32,58.32,55.53,55.53,6.0680000000000005
443,2020-09-21,53.71,55.53,52.69,53.71,13.972
444,2020-09-22,53.05,53.6,51.79,53.6,7.7700000000000005
445,2020-09-23,53.77,53.77,51.0,53.0,42.704
446,2020-09-24,53.29,54.64,51.44,54.04,15.312000000000001
447,2020-09-25,55.41,55.41,53.52,55.23,6.24
448,2020-09-26,55.02999,56.31,54.29,56.31,8.503
449,2020-09-27,56.28,56.28,53.92,54.82,1.7229999999999999
450,2020-09-28,57.0,58.11,54.82,56.89,16.330000000000002
451,2020-09-29,56.97,62.07,56.43,56.97,4.747
452,2020-09-30,61.31,63.22,59.66,60.56,37.292
453,2020-10-01,65.75,68.0,63.22,64.58,63.458999999999996
454,2020-10-02,62.66,64.48,58.61,64.48,29.325
455,2020-10-03,62.58569,63.6,61.0,63.6,4.3660000000000005
456,2020-10-04,60.76,62.75,59.96,60.94,11.183000000000002
457,2020-10-05,62.59,64.44,62.33,62.59,6.042
458,2020-10-06,64.21,65.24,61.65,64.21,5.938000000000001
459,2020-10-07,61.5,62.59,60.34,61.5,9.418
460,2020-10-08,60.73,62.55,59.92,62.55,39.45
461,2020-10-09,60.93,64.83,60.93,62.7,7.265000000000001
462,2020-10-10,63.06,66.6,63.06,63.06,34.717
463,2020-10-11,70.02,72.96,66.6,72.65,90.04199999999999
464,2020-10-12,74.84,75.04,70.66,70.66,50.101000000000006
465,2020-10-13,72.12,73.33,68.7,73.33,17.275000000000002
466,2020-10-14,68.7,70.17,68.7,68.70468,1.302
467,2020-10-15,66.0,68.70468,66.0,66.0,10.512
468,2020-10-16,68.21,68.41,61.67,61.67,189.331
469,2020-10-17,62.26,63.03,61.5,61.97,3.664
470,2020-10-18,63.16,64.04,61.97,63.37,41.047000000000004
471,2020-10-19,62.35,64.04,62.22,62.35,1.162
472,2020-10-20,63.52,64.36,59.369,63.52,62.074000000000005
473,2020-10-21,62.91,63.29,59.369,62.21,10.379999999999999
474,2020-10-22,66.21,66.7,63.05,63.29,79.442
475,2020-10-23,64.6,66.53,63.52,64.6,12.289000000000001
476,2020-10-24,62.79,64.6,62.0,64.02,157.661
477,2020-10-25,63.75,64.35,63.05,63.35,132.55700000000002
478,2020-10-26,63.05,63.73,58.86,62.8,13.019999999999998
479,2020-10-27,61.22,61.59,59.47,59.47,6.691000000000001
480,2020-10-28,61.06,61.06,57.2,59.5,21.25
481,2020-10-29,57.2,57.65,55.0,56.51,21.7
482,2020-10-30,56.21,59.31,55.57,58.13,43.805
483,2020-10-31,57.18,58.64,57.18,57.18,2.356
484,2020-11-01,58.64,58.64,58.64,58.64,0.0
485,2020-11-02,58.26,58.64,55.0,57.94,7.519
486,2020-11-03,54.0,55.0,52.8,52.89,1.848
487,2020-11-04,52.93,54.39,52.74,52.93,88.499
488,2020-11-05,53.43,56.88,53.43,53.91,123.222
489,2020-11-06,60.0,60.0,55.1,59.57,102.46900000000001
490,2020-11-07,62.48655,62.48655,56.05,62.48655,32.611
491,2020-11-08,61.28,61.28,57.19,58.83,14.506
492,2020-11-09,57.63,61.28,57.48,58.44,15.983
493,2020-11-10,61.06,61.83,58.46,61.02,53.473
494,2020-11-11,60.02,60.69,59.99,60.51,104.628
495,2020-11-12,60.85,63.0,58.28,61.72,61.32899999999999
496,2020-11-13,64.0,65.63,61.0,64.53,18.178
497,2020-11-14,64.61,65.63,62.5,63.19,17.717
498,2020-11-15,60.97,63.93,60.67,63.0,62.06200000000001
499,2020-11-16,63.65,66.0,60.97,62.66,39.843
500,2020-11-17,64.93,66.0,64.8,66.0,72.147
501,2020-11-18,62.87,67.2,61.31,61.31,32.597
502,2020-11-19,63.32,63.32,60.33,62.48,51.598000000000006
503,2020-11-20,63.36,63.91,60.03,63.32,29.873
504,2020-11-21,63.39,72.22,63.36,70.0,45.766000000000005
505,2020-11-22,67.45,72.18,67.45,68.8,16.689
506,2020-11-23,76.97,80.0,68.56,71.95,86.389
507,2020-11-24,86.0,89.0,77.46,87.92,119.02799999999999
508,2020-11-25,82.82,88.0,76.89,82.82,119.98900000000002
509,2020-11-26,64.85,79.29,64.85,73.07,57.562
510,2020-11-27,67.88,70.77,65.08,67.88,23.924
511,2020-11-28,74.41,75.32,67.88,67.88,44.67700000000001
512,2020-11-29,73.71,74.91,72.78,73.3,5.685
513,2020-11-30,76.05,78.27,73.96,77.2,54.787000000000006
514,2020-12-01,77.2,84.0,72.9,75.18,1088.1390000000001
515,2020-12-02,75.33,76.82,74.07,74.69,326.041
516,2020-12-03,75.77,76.75,75.0,75.44,130.32
517,2020-12-04,75.58,75.84,68.81,75.51,229.335
518,2020-12-05,71.21,72.36,69.76,69.76,69.423
519,2020-12-06,71.77,74.59,70.69,71.35,60.97
520,2020-12-07,74.33,76.97,73.5,76.97,318.74399999999997
521,2020-12-08,71.72,74.66,70.01,74.66,68.804
522,2020-12-09,69.53,70.63,66.66,69.53,209.22799999999998
523,2020-12-10,68.67,69.59,65.51,67.52,231.262
524,2020-12-11,63.8,66.0,62.88,63.8,64.378
525,2020-12-12,63.8,66.25,63.8,65.48,149.92100000000002
526,2020-12-13,66.99812,68.9,65.12,65.12,80.034
527,2020-12-14,67.2,68.44,66.98,66.98,28.369000000000003
528,2020-12-15,67.86,68.67,66.42,68.18,33.328
529,2020-12-16,68.02,72.46,67.1,71.12446,99.48899999999998
530,2020-12-17,73.49,78.15,73.0,77.06,156.716
531,2020-12-18,75.04,76.25,72.76,72.97,65.725
532,2020-12-19,74.74,75.69,72.97,74.37,60.251000000000005
533,2020-12-20,72.99,78.07,72.32,75.17,323.632
534,2020-12-21,68.72,77.34,67.58741,68.72,216.27799999999996
535,2020-12-22,67.27,68.70208,63.34,66.76066,165.369
536,2020-12-23,68.05,68.05,50.0,66.05,88.923
537,2020-12-24,55.77,61.61,54.72,56.21,222.084
538,2020-12-25,64.16,65.0,60.04,61.13,422.804
539,2020-12-26,66.21,69.79,63.61,64.96,134.671
540,2020-12-27,68.56,71.11,63.32,68.42,236.103
541,2020-12-28,67.49,71.00504,66.69,68.24,77.296
542,2020-12-29,62.32,71.00504,62.32,65.15,80.61
543,2020-12-30,64.02,66.04,62.32,63.93,60.478
544,2020-12-31,62.2,64.27,61.6,62.72,181.372
545,2021-01-01,66.11,66.72,54.58,66.11,894.436
546,2021-01-02,58.83,59.83,55.55,58.11092,1259.5089999999996
547,2021-01-03,57.2,61.42,56.29,56.29,820.4550000000002
548,2021-01-04,59.97,64.35,58.31,62.74,360.90000000000003
549,2021-01-05,57.88,61.0,57.88,59.4,305.881
550,2021-01-06,63.8,65.42,56.00001,60.24,595.899
551,2021-01-07,67.45,73.76,63.4,66.98,499.477
552,2021-01-08,67.45636,74.0,63.25,68.54,230.535
553,2021-01-09,71.39,79.75,66.29,67.97,786.2689999999998
554,2021-01-10,90.91,98.7,77.12,83.34,2673.226
555,2021-01-11,84.98,108.5,79.38,90.025,1580.022
556,2021-01-12,88.7,104.96,80.10001,97.27,1278.2499999999998
557,2021-01-13,99.61,120.0,94.35,100.38,1211.177
558,2021-01-14,116.95,118.5,107.24,111.92,1120.953
559,2021-01-15,111.68,115.55,95.57,109.16,1129.639
560,2021-01-16,103.9,113.56505,102.12,104.15,988.3919999999999
561,2021-01-17,101.04,109.25,98.65,102.69,1214.264
562,2021-01-18,102.2,106.01,100.87,102.53,625.3409999999999
563,2021-01-19,103.3,112.2,102.93,103.3,1012.0889999999999
564,2021-01-20,103.18,107.0,91.63,102.3,1347.543
565,2021-01-21,89.41,99.3,83.48,85.29,1171.3580000000002
566,2021-01-22,85.6,91.1,78.11,88.61,626.9830000000002
567,2021-01-23,88.54,90.3,84.11,88.07,353.99300000000005
568,2021-01-24,85.91,91.79,85.54,88.17,483.49299999999994
569,2021-01-25,89.99,95.98,88.53,94.16,940.802
570,2021-01-26,87.47,89.71,84.15,84.78,390.226
571,2021-01-27,78.7,88.54,76.94,85.65,369.43
572,2021-01-28,81.55992,87.96999,77.67,87.23,355.832
573,2021-01-29,84.8,90.21,82.16,85.56,511.337
574,2021-01-30,84.56,86.64,82.92,84.5,281.522
575,2021-01-31,83.19,87.03,80.00011,85.75,418.033
576,2021-02-01,85.53,89.0,84.32,84.4,731.9460000000001
577,2021-02-02,92.7,93.86,88.16,92.41,505.858
578,2021-02-03,94.95,96.57,92.88,94.98,362.986
579,2021-02-04,92.72,96.2,89.32,89.94,350.58000000000004
580,2021-02-05,92.65,96.21,89.81,93.75,477.414
581,2021-02-06,97.83,98.6,93.75,96.12504,348.903
582,2021-02-07,92.5,98.6,90.26,92.5,102.785
583,2021-02-08,96.37,98.0,91.24,92.47,130.61800000000002
584,2021-02-09,109.64,110.0,97.36,107.92,685.1479999999998
585,2021-02-10,114.99999,119.20112,105.0,113.12,423.121
586,2021-02-11,147.0,149.8,113.2,116.49,520.2370000000001
587,2021-02-12,134.76,147.79,130.0,138.3,245.692
588,2021-02-13,157.93,195.0,140.0,177.3,1276.1900000000003
589,2021-02-14,171.99,179.21,154.11,176.19,547.501
590,2021-02-15,152.14,180.0,132.0,170.88,576.1789999999999
591,2021-02-16,162.58,173.82567,150.0,155.67,255.92399999999998
592,2021-02-17,155.93,172.60518,147.0,149.07,393.38199999999995
593,2021-02-18,176.37053,178.53,157.11,171.51,429.179
594,2021-02-19,179.38,189.76982,163.99,170.52,647.3449999999999
595,2021-02-20,161.65,185.1,159.59,178.0,609.9790000000002
596,2021-02-21,160.28,181.0,159.32,160.99,380.378
597,2021-02-22,161.56,162.39,115.02,153.77,625.164
598,2021-02-23,119.19,147.98587,110.0,119.21,499.3780000000001
599,2021-02-24,134.84,148.07773,123.81,130.56,377.779
600,2021-02-25,134.63,139.85,121.18,136.13861,260.721
601,2021-02-26,121.05,124.97,113.7,117.45,198.16699999999997
602,2021-02-27,121.45,124.9,117.65,122.55,122.659
603,2021-02-28,115.93,120.69,105.31,119.52,367.42599999999993
604,2021-03-01,116.32,125.23,105.0,111.5,412.3880000000001
605,2021-03-02,124.0,126.25,107.00025,125.0,276.30499999999995
606,2021-03-03,132.05328,164.0,124.5,132.05328,1613.6230000000003
607,2021-03-04,119.4,129.49,118.67,123.5,739.281
608,2021-03-05,116.32,125.66,113.77,115.45,393.2899999999999
609,2021-03-06,122.59,126.1,118.61,119.87,296.777
610,2021-03-07,127.13736,129.66,125.1,126.45,647.2690000000001
611,2021-03-08,129.66,132.37,124.89,126.42,237.22400000000002
612,2021-03-09,135.26,137.28,128.11,134.5,485.91700000000003
613,2021-03-10,133.24,142.39,131.04,132.63,362.7559999999999
614,2021-03-11,152.84,159.9,136.17,146.5,1246.5990000000002
615,2021-03-12,144.68001,155.75,142.9,144.96,627.174
616,2021-03-13,140.4,159.12,140.09,143.63,295.951
617,2021-03-14,147.88,156.85,146.05,147.07,143.468
618,2021-03-15,138.75,153.2,135.0,139.14,167.518
619,2021-03-16,133.27,139.56,130.96,136.32,248.537
620,2021-03-17,136.15,146.28,135.75,136.86,155.163
621,2021-03-18,143.88,149.37,142.4,144.64,260.27
622,2021-03-19,144.72,152.56,142.35,144.67,144.303
623,2021-03-20,156.56,161.54978,148.48,156.56,350.283
624,2021-03-21,151.13,156.56,145.60383,149.84,122.58899999999998
625,2021-03-22,149.93,159.0,142.22,142.22,197.992
626,2021-03-23,137.4,142.09,136.37,137.47,55.782000000000004
627,2021-03-24,137.56,141.64,126.27,140.5899,68.489
628,2021-03-25,122.4,142.0,119.01,123.53882,134.87900000000005
629,2021-03-26,126.16,131.79,124.19,127.33,126.701
630,2021-03-27,127.85,134.33,126.97,131.6,203.066
631,2021-03-28,135.23,144.67,130.58,135.23,254.271
632,2021-03-29,144.16,158.69,142.03,144.8,381.583
633,2021-03-30,150.38,156.15,147.09851,150.7,151.016
634,2021-03-31,150.1,157.7,147.74,151.28,400.719
635,2021-04-01,157.0,165.48,150.0,165.48,297.47
636,2021-04-02,164.9,177.86,164.9,174.0,349.94100000000014
637,2021-04-03,172.51,177.22,161.0,169.02,306.9289999999999
638,2021-04-04,183.58926,193.94,171.81,186.05,684.168
639,2021-04-05,189.76,199.11,170.73356,179.0,140.741
640,2021-04-06,192.82,198.239,184.22,192.57,285.18
641,2021-04-07,174.85,193.01,163.25,172.17,116.37799999999999
642,2021-04-08,180.28,185.04,172.18,172.18,70.97099999999999
643,2021-04-09,192.82,200.0,183.87,197.61,133.347
644,2021-04-10,192.82,210.23,192.82,203.32,110.673
645,2021-04-11,222.0,232.23,204.31,219.8,223.01700000000002
646,2021-04-12,221.52,236.1,209.47,219.44,208.343
647,2021-04-13,223.32,231.75,218.65,230.0,126.74700000000001
648,2021-04-14,229.31,242.8,219.16,229.31,157.868
649,2021-04-15,245.08,255.38999,236.65,248.22,168.35500000000005
650,2021-04-16,268.62,271.57,235.59,264.71,253.293
651,2021-04-17,276.21,298.05,270.91,273.21,276.48800000000006
652,2021-04-18,248.24,299.0,191.01,238.99,363.892
653,2021-04-19,259.75,264.82,201.76,233.19,151.95200000000003
654,2021-04-20,213.98,251.3898,213.75,213.75,327.509
655,2021-04-21,248.27,255.0,236.26,247.43,86.03800000000003
656,2021-04-22,238.63,248.74,224.5,239.93,83.58800000000001
657,2021-04-23,225.17,252.5,180.02,208.71,151.09099999999998
658,2021-04-24,210.33,220.85,199.59029,205.83,118.916
659,2021-04-25,203.24,214.65,192.69,200.79,77.64699999999999
660,2021-04-26,225.39,237.0,193.21,220.13,91.56700000000002
661,2021-04-27,234.42336,240.39,209.7018,235.73,97.67500000000001
662,2021-04-28,233.07,242.71,227.04,233.53,84.17999999999999
663,2021-04-29,236.51,241.23,224.23,232.47,43.07700000000001
664,2021-04-30,228.72243,251.0,227.19,241.76,57.986999999999995
665,2021-05-01,251.39,258.48,243.32,251.48,47.837
666,2021-05-02,243.39,258.4,242.09,247.92,66.63400000000001
667,2021-05-03,246.62,254.0,243.39,246.6,91.506
668,2021-05-04,241.0,266.03,232.14,247.83,161.795
669,2021-05-05,242.42454,300.0,242.42454,285.57,534.49
670,2021-05-06,295.27,321.64,263.27,317.42,251.77599999999998
671,2021-05-07,333.69,343.64,299.97,308.2,198.32599999999996
672,2021-05-08,314.03,343.63988,296.66,308.33,212.20600000000005
673,2021-05-09,292.93,338.90898,280.0,314.0,143.80700000000002
674,2021-05-10,310.83,323.32,268.76,314.39,297.173
675,2021-05-11,283.03,299.65,265.0,294.79,168.67200000000005
676,2021-05-12,352.74,380.08284,299.0,332.54,1038.744
677,2021-05-13,310.96,324.0,270.0,292.15,491.92699999999996
678,2021-05-14,297.09,323.16,285.0,313.86,311.96399999999994
679,2021-05-15,277.0,315.05,268.95579,278.89,288.613
680,2021-05-16,285.78,290.43,250.0,281.0,230.454
681,2021-05-17,242.81,267.5,211.73611,241.73,245.089
682,2021-05-18,251.51,261.01999,237.38,237.38,136.995
683,2021-05-19,170.0,261.27,150.17,170.0,239.22199999999998
684,2021-05-20,180.96,199.0,125.0,176.0,159.38899999999998
685,2021-05-21,155.61,189.22,130.0,170.93,198.46800000000002
686,2021-05-22,142.43,160.21,135.0,140.0,143.95900000000003
687,2021-05-23,145.95,164.9708,88.334,115.22,166.696
688,2021-05-24,139.78,147.2,113.32,145.63,196.204
689,2021-05-25,144.28999,154.55999,131.03,149.2,118.22399999999999
690,2021-05-26,152.88,160.0,144.61,160.0,112.33500000000001
691,2021-05-27,154.01,159.0,140.0,142.92,172.251
692,2021-05-28,150.87,170.0,135.0,150.45,202.90299999999996
693,2021-05-29,178.49,205.03575,141.5,175.49,540.3260000000001
694,2021-05-30,148.35,159.0,139.25,157.95,253.02599999999998
695,2021-05-31,153.94,161.8,141.54,151.01,288.669
696,2021-06-01,152.66,163.33,148.89,159.02,122.01399999999998
697,2021-06-02,146.1,167.2,146.1,154.25,106.62700000000002
698,2021-06-03,168.19,179.00999,153.09999,172.0,192.202
699,2021-06-04,153.2534,172.94,147.03,162.17,121.49599999999998
700,2021-06-05,154.55,161.7,148.53,151.95,75.731
701,2021-06-06,151.42,156.31,147.5,151.27,80.12200000000001
702,2021-06-07,151.74,154.69,135.42,146.86,178.071
703,2021-06-08,130.78,138.0,115.0,129.49,150.029
704,2021-06-09,134.05,152.5,125.45,142.14414,147.89100000000002
705,2021-06-10,134.75,150.0,132.92,135.94,127.797
706,2021-06-11,131.6,135.94,121.0,128.18,117.23299999999998
707,2021-06-12,119.75,128.45,119.74,122.79,44.50500000000001
708,2021-06-13,121.92,132.46,121.32,121.7,68.09
709,2021-06-14,131.93,137.92,129.13,131.85,84.447
710,2021-06-15,137.9,140.3,131.82218,135.73,43.063
711,2021-06-16,143.18,143.30358,132.76,143.18,108.435
712,2021-06-17,138.17,145.94,135.94,138.17,165.25100000000003
713,2021-06-18,140.32,141.34,129.18,129.18,48.521000000000015
714,2021-06-19,132.94,134.03,127.75,134.0,36.12199999999999
715,2021-06-20,125.38,129.82,120.0,126.97,57.221000000000004
716,2021-06-21,107.78,133.08,101.53,105.88,72.639
717,2021-06-22,93.55999,107.69,85.35764,102.99,698.466
718,2021-06-23,105.48,122.0,92.0,111.87,25.892000000000003
719,2021-06-24,110.77,116.31,107.57,113.59,55.69499999999999
720,2021-06-25,104.21,115.94,101.78,103.08,87.49199999999999
721,2021-06-26,102.63,103.02,96.69,101.91,33.357
722,2021-06-27,104.07,105.74,99.16,103.91,51.72500000000001
723,2021-06-28,107.3,114.26,104.61,104.76,79.54200000000002
724,2021-06-29,118.99,129.0,112.84,127.98,105.8
725,2021-06-30,131.73,133.3,122.23,129.23,152.88000000000002
726,2021-07-01,125.09,129.23,118.74,119.86,26.122999999999998
727,2021-07-02,114.2,121.3,114.0,115.21,19.914
728,2021-07-03,114.05,118.4,113.8,117.90998,41.568000000000005
729,2021-07-04,118.33,125.125,113.79,113.85,141.197
730,2021-07-05,116.08,121.59,110.61,116.08,120.33699999999997
731,2021-07-06,117.55,117.55,111.49,116.38,108.74099999999999
732,2021-07-07,119.38,121.47,114.42,117.7,179.03
733,2021-07-08,113.2,119.38,109.5,113.44,33.751
734,2021-07-09,109.5,112.96,106.0,106.42,46.012
735,2021-07-10,111.07,112.47,106.93,108.55,10.023
736,2021-07-11,111.39,112.34638,106.6,109.91,12.48
737,2021-07-12,109.0,112.81,106.2,112.34638,16.631999999999998
738,2021-07-13,107.13,107.54,103.34,103.44989,15.918000000000001
739,2021-07-14,103.44989,105.21095,97.93,100.56,25.18
740,2021-07-15,105.12,106.51,98.6,102.73,22.182999999999996
741,2021-07-16,100.79,102.36,94.09,96.369,88.3
742,2021-07-17,92.88,95.22,92.5,94.53,89.094
743,2021-07-18,93.44,98.26,92.99,95.98,25.783
744,2021-07-19,92.82,97.51,90.0,92.82,76.215
745,2021-07-20,84.44,91.0,83.89,84.17,62.51
746,2021-07-21,85.38,94.75,85.15,90.49,85.00600000000001
747,2021-07-22,95.04,97.25,92.23,94.16,27.407999999999998
748,2021-07-23,98.73,98.73,93.03,96.42,12.148000000000001
749,2021-07-24,99.48,102.0,95.63,100.81,33.666
750,2021-07-25,98.6,99.54,96.0,99.08,35.476
751,2021-07-26,105.4,109.08,99.5,101.67,221.11600000000004
752,2021-07-27,100.3,103.22,98.41,99.76998,22.169000000000004
753,2021-07-28,103.66,105.6528,99.62,104.48,61.948
754,2021-07-29,106.4,107.84,104.3,106.78,71.485
755,2021-07-30,104.99,109.5,103.29,108.25,67.787
756,2021-07-31,111.13,112.4,109.4,112.4,51.231
757,2021-08-01,117.54,123.16,111.63,120.76,119.77499999999999
758,2021-08-02,117.49,119.48,114.08,114.51,62.564
759,2021-08-03,110.41,114.9,110.0,111.39,81.889
760,2021-08-04,113.45,119.48,112.92,117.87,39.504
761,2021-08-05,117.27,120.0,114.69,114.77,51.73300000000001
762,2021-08-06,126.79,126.79,118.79,122.7,32.260999999999996
763,2021-08-07,131.25,133.4,119.0,130.2,29.411000000000005
764,2021-08-08,123.17,135.2,122.51,128.81342,72.10500000000002
765,2021-08-09,123.00001,131.27,120.0,121.7,125.002
766,2021-08-10,130.16,134.28,123.0,129.53,72.665
767,2021-08-11,141.0,149.0,132.0,140.32552,47.654999999999994
768,2021-08-12,138.0,148.99,125.0,137.55,117.34499999999998
769,2021-08-13,138.0,171.7,125.0001,149.86945,226.62400000000002
770,2021-08-14,139.49,146.73,139.23,144.44,32.388
771,2021-08-15,143.33,155.0,140.95,146.0,82.07099999999997
772,2021-08-16,155.27,160.50483,149.86757,154.51,77.084
773,2021-08-17,150.97,159.46,142.48,152.78,99.467
774,2021-08-18,143.0,143.4,137.84,140.87,64.801
775,2021-08-19,141.1,147.94,138.13,141.1,24.47
776,2021-08-20,153.89,154.17,147.32,153.04314,57.932
777,2021-08-21,152.5,155.5,150.0,153.88,26.96
778,2021-08-22,158.68,161.51,151.0,153.7,108.74400000000003
779,2021-08-23,163.61,166.68,159.0,163.95,67.061
780,2021-08-24,156.0,170.42,151.0,158.96,26.666999999999998
781,2021-08-25,156.19,169.99,151.09,151.69,42.998999999999995
782,2021-08-26,169.0,169.25,137.002,146.1,39.258
783,2021-08-27,149.5,166.4,140.4,143.0,70.924
784,2021-08-28,150.0,151.9,147.5,150.0,36.321
785,2021-08-29,148.0,153.8,147.0,149.4,34.829
786,2021-08-30,146.9,149.4,140.7,144.9,84.894
787,2021-08-31,142.6,147.29984,139.7,142.8,74.741
788,2021-09-01,150.0,155.0,140.3,141.4,115.784
789,2021-09-02,150.4,155.0,138.01,152.2,12.499999999999998
790,2021-09-03,147.9,159.4,141.00001,156.5,161.195
791,2021-09-04,157.6,162.0,155.3,156.9,82.518
792,2021-09-05,163.1,175.0,160.2,169.4,257.871
793,2021-09-06,170.8,176.2,166.12679,170.9,200.81799999999998
794,2021-09-07,168.59999,172.59981,135.0,165.9,133.839
795,2021-09-08,137.0,147.0,120.9,125.5,141.323
796,2021-09-09,131.6,143.10438,131.6,139.8,93.482
797,2021-09-10,135.5,142.2,125.2,135.5,64.543
798,2021-09-11,127.6,153.0,122.0,131.9,67.264
799,2021-09-12,132.3,133.79997,126.4,132.3,60.66100000000001
800,2021-09-13,127.4,132.78614,121.7,122.0,66.608
801,2021-09-14,128.3,132.9,126.2,127.5,43.708000000000006
802,2021-09-15,132.5,138.6,131.4,132.6,78.93299999999999
803,2021-09-16,143.1,143.7,135.0,137.3,89.80400000000002
804,2021-09-17,134.9,139.15124,134.0,138.7,21.590999999999998
805,2021-09-18,141.2,143.1,134.3,135.7,22.474
806,2021-09-19,137.4,140.3,133.6,137.4,18.94
807,2021-09-20,118.6,133.6,118.0,118.6,72.834
808,2021-09-21,119.2,120.5,110.7,110.7,73.645
809,2021-09-22,115.3,120.5,110.7,120.5,27.909999999999997
810,2021-09-23,121.7,122.9,118.1,122.9,63.539
811,2021-09-24,121.72233,121.72233,106.4,106.4,18.698
812,2021-09-25,115.0,117.88935,109.0,110.3,13.585999999999999
813,2021-09-26,107.58981,114.0,94.0,112.2,32.681000000000004
814,2021-09-27,106.2,113.0,106.2,111.6,23.249
815,2021-09-28,106.7,107.5,101.0,106.1,52.82
816,2021-09-29,103.1,107.4,101.1,103.8,43.581
817,2021-09-30,105.7,106.8,102.1,105.7,60.805
818,2021-10-01,105.5,114.6,105.5,106.71008,63.924
819,2021-10-02,113.5,117.5,111.6,112.2,103.576
820,2021-10-03,115.2,118.6,113.0,115.3,143.548
821,2021-10-04,113.8,120.0,112.8,114.87525,100.31400000000001
822,2021-10-05,117.3,121.5,112.0,119.2,107.68299999999999
823,2021-10-06,121.4,127.4,112.0,126.6,55.416000000000004
824,2021-10-07,124.4,129.0,123.5,126.8,52.61900000000001
825,2021-10-08,125.1,127.1,123.7,126.6,147.351
826,2021-10-09,126.0,128.0,123.26456,127.5,24.652
827,2021-10-10,124.9,127.7,120.3,125.9,7.853000000000001
828,2021-10-11,117.7,125.0,117.0,122.0,34.568000000000005
829,2021-10-12,116.6,118.3,113.2,114.4,24.863
830,2021-10-13,116.1,118.8,113.1,113.1,32.96900000000001
831,2021-10-14,120.5,121.8,118.4,120.401,30.805000000000007
832,2021-10-15,120.401,126.9,119.3,125.4,21.261999999999997
833,2021-10-16,126.6,128.2,124.1,126.0,22.893
834,2021-10-17,125.5,140.01265,125.1,138.2,89.317
835,2021-10-18,136.9,145.3,135.1,137.0,193.73300000000003
836,2021-10-19,142.7,147.04342,139.0,144.4,57.74700000000001
837,2021-10-20,149.7,151.5,141.9899,149.7,28.338999999999995
838,2021-10-21,152.0,159.4,147.9,147.9,41.543000000000006
839,2021-10-22,154.7,165.5,154.7,162.2,94.928
840,2021-10-23,167.6,173.8,164.3,171.2,250.59
841,2021-10-24,176.0,197.98095,172.0,189.5643,260.006
842,2021-10-25,173.3,176.1,170.0,171.8,225.976
843,2021-10-26,160.0,171.8581,159.4,165.8,203.50700000000003
844,2021-10-27,148.4,169.0,147.9,159.0,114.394
845,2021-10-28,149.6,162.0,136.97606,152.7,72.877
846,2021-10-29,158.4,162.7,152.7,158.7,26.430999999999997
847,2021-10-30,153.89992,162.7,151.4,160.0,63.06400000000001
848,2021-10-31,152.8,187.15647,152.8,177.3,120.916
849,2021-11-01,165.1,172.8,162.2,171.6,75.61
850,2021-11-02,170.3,179.2,169.01055,173.1,87.52000000000001
851,2021-11-03,166.9,172.9,161.0,166.8,51.515
852,2021-11-04,160.3,170.6,160.3,165.2,65.664
853,2021-11-05,165.8,168.8,160.3,164.69988,40.907000000000004
854,2021-11-06,160.0,170.99,155.0,162.4,26.468000000000004
855,2021-11-07,154.82443,170.95,154.82443,169.49,28.355
856,2021-11-08,165.2,170.0,157.0,159.2,21.232000000000003
857,2021-11-09,172.0,193.8,160.012,170.017,97.41600000000003
858,2021-11-10,202.2,204.0,189.8,195.98204,246.93699999999998
859,2021-11-11,189.7,219.0,175.0,215.9,139.228
